0.9082360033316459,1.0000000000000002,0
0.8864816168440313,0.8475284235197321,0
0.0,0.17018858989137556,1
0.21008669491789234,0.41794860992053773,1
0.14501055464571772,0.4598406122272315,1
0.8763421273286455,0.343929339134615,0
0.9531733990715577,0.5445656914632201,0
0.8433416207064346,0.2297597985915588,0
0.7787784820796433,0.46816665515163125,0
0.1549536295402683,0.3816364541679851,1
0.8677131882839249,0.12599523421057104,0
0.1284474173236687,0.3835365718028615,1
0.3017220603142066,0.45993143183478613,1
0.8639678847232597,0.3914213094578165,0
0.29324115035168774,0.2563621897741998,1
0.915472136904092,0.43934303714828615,0
0.8441123091456499,0.37673757785199957,0
0.839782257302548,0.3974339008462191,0
0.24050438954654124,0.5226245967812297,1
0.3748115777463983,0.6806893445887984,1
0.31253312829721047,0.3603746862829429,1
0.8849086901065637,0.4740037053844466,0
0.24745865945108014,0.41674002146940403,1
0.23039451036342845,0.39731848528183433,1
0.39186452420433227,0.6450489586075455,1
0.21737280704941642,0.2628325506941439,1
0.9696031645708647,0.26384014439635306,0
0.2666663811047551,0.26014302751095986,1
0.32279867733743967,0.31323603630331764,1
0.16298207888123817,0.5636113292354122,1
0.011837659467065498,0.4008778991297436,1
0.06345681252449753,0.6206646123606449,1
0.9056390493796189,0.38902155721614107,0
0.29678406198789803,0.45277514815935094,1
0.8714226191677958,0.34742361760341367,0
0.8691364200839182,0.4371306984400841,0
0.8506958330833683,0.6395920938950421,0
1.0,0.7506504628190173,0
0.2809938305539722,0.4214821242300868,1
0.9444155298931844,0.46524537989147585,0
0.1831252152287819,0.3794211138236866,1
0.41830163771900764,0.6302228769206052,1
0.23343937112998192,0.2617372985503541,1
0.1311560384488823,0.3923076827856715,1
0.20184210128622382,0.42737222333912805,1
0.9517986359829803,0.29756842642016956,0
0.8057613715018527,0.6528500096756257,0
0.8203409526367558,0.48789076461296754,0
0.9313116908280974,0.5389217924487909,0
0.9286865583844403,0.4439280956109467,0
0.32284803821747543,0.39720578258947503,1
0.18957050155868616,0.4456399519719477,1
0.28591470466293867,0.5959599102108903,1
0.7753265399159397,0.23556981853436523,0
0.8596824886048309,0.40082073157192344,0
0.0767809283917219,0.33289632853794293,1
0.37803685679884425,0.38217223549794754,1
0.39304939764046737,0.5843503874594049,1
0.2201703546549197,0.5150964879229636,1
0.27189242028942223,0.18649300879209665,1
0.9514760569219867,0.5290439555339589,0
0.4334030169541967,0.7927264636845649,1
0.31543328804731907,0.38849279492283095,1
0.30493674014863803,0.4845298852889526,1
0.9731498276345464,0.49071289013984754,0
0.1097358753557372,0.0,1
0.9406626009499169,0.3814217022054702,0
0.8312393570933294,0.3397894136631988,0
0.9239064890602314,0.7821144989980005,0
0.31047692401292765,0.6301610353950544,1
0.22751523999892664,0.3827046445769726,1
0.9671033876076254,0.9539890918343205,0
0.8610167398370359,0.3016606391308366,0
0.40696001014243544,0.6199648940236334,1
0.9526100390290186,0.5268482665676947,0
0.8984209263123665,0.5784869412407052,0
0.9079175856602515,0.5480771969105941,0
0.35056758564737434,0.25772983074274336,1
0.8421846189870568,0.5500507818181052,0
0.9986984793504403,0.8794169644027108,0
0.1388400800510362,0.5020314634198828,1
0.2607638187541213,0.3922584880226486,1
0.4168716552397365,0.18349291401170054,1
0.21282669525041337,0.346253280753563,1
0.8971062030050223,0.29237771236412824,0
0.8511500581256514,0.17308486561662415,0
0.848300618741882,0.40255009066837966,0
0.8265656367575802,0.12172210134122527,0
0.9187518415760685,0.3389864698079972,0
0.8868332672085828,0.5476183974730127,0
0.04632731833005599,0.5699482536418121,1
0.880343400510663,0.5180399287588774,0
0.9079516120908909,0.6919131300950357,0
0.9186751715795558,0.23206407205961474,0
0.9016396242736,0.5390344419269628,0
0.13749815447842434,0.2851196843908098,1
0.877798152804147,0.2628025891106339,0
0.21319851789808014,0.2973802140119296,1
0.9653803671496021,0.4358792508782098,0
0.20462202117804207,0.48697900350131673,1
0.8050912069776544,0.11589824149440214,1
0.06431043961720906,0.565064831097849,0
0.8691383325872766,0.27866864378782474,1
0.35025215269866833,0.9018320984721272,0
0.13775270905899903,0.7121806719096001,0
0.649478338783936,0.54657110478979,0
0.11770881185206619,0.7507975894388799,0
0.6712834021046317,0.07295138120152067,1
0.11495027324837248,0.7910561661306822,0
0.5082043551708312,0.8168044667541747,0
0.07531741161856093,0.690332972433346,0
0.5237645990811968,0.8162211526272505,0
0.9402933332298813,0.3341406426725867,1
0.6264914273049706,0.37043677368037337,0
0.6606422450511145,0.07242733754468217,1
0.3021136511391369,0.9700939718200888,0
0.5683724608133276,0.7412366540512011,0
0.49930506772991234,0.8409939153869741,0
0.35763430771248295,0.5071978799981587,1
0.06964572774644906,0.6710043312731997,0
0.7014313289553614,0.02179150639455213,1
0.33194036283567274,0.9508868970718002,0
0.968061011394046,0.6112443372859455,1
0.10732269111239925,0.7599066342326413,0
0.3258277651144841,0.5611875979045677,1
0.35694559987783664,0.5930154224433954,1
0.62874007525119,0.46476549207288387,0
0.45428446991526455,0.8463685527190856,0
0.6721409504182254,0.06709933925338607,1
0.011241389543925395,0.3813918174446724,0
0.31388593972165846,0.9584055690611719,0
0.212707213151511,0.8966148545008548,0
0.5648318077065511,0.10990875212083898,1
0.6246319478309201,0.10628245970136133,1
0.4607455135641355,0.1436346456220424,1
0.49654453441888685,0.8235843858071246,0
0.9353282163972401,0.3759365847736883,1
0.41517050063536154,0.2866348572280803,1
0.6117478653521284,0.6215799229110823,0
0.6504356682966808,0.5944380351127886,0
0.3517944046545473,0.5914829658330201,1
0.3173046795953391,0.9368656068048199,0
0.025913477442787825,0.45404071783495703,0
0.9436270076901487,0.5190464922116823,1
0.25594399391587175,0.9130278886447148,0
0.45928358587544516,0.8620046562517332,0
0.5344564440509016,0.7254706520485663,0
0.030630832500186556,0.30994219298770453,0
0.8742152577835609,0.21223019265118567,1
0.8473562959519314,0.23812138278809508,1
0.5099565197296309,0.843024134206634,0
0.033952242699623436,0.3328236867406569,0
0.790014709320342,0.11748238922315898,1
0.6522001337645799,0.04988859298396969,1
0.9511349405599887,0.5778231649006779,1
0.1390059021394065,0.7820772444871933,0
0.6034722915909089,0.011542313877331623,1
0.7429143331944011,0.13026137050003048,1
0.9278674507323581,0.35760056111481636,1
0.3681829566751442,0.4496935442640502,1
0.9363989549428366,0.3942842257533015,1
0.0,0.39143169012289386,0
0.6398601750167332,0.028961869425083886,1
0.6762574835438239,0.02598014376104235,1
0.6518111273184843,0.05826310585705585,1
0.4890670759874711,0.11935249362443998,1
0.6314180917477182,0.457516134414754,0
0.4808506117735243,0.889323496927676,0
0.4444105650416774,0.8286677895877531,0
1.0,0.6307914975946636,1
0.3501086664791004,0.5781842269083848,1
0.5738389988489287,0.08767226582493892,1
0.8359164873921354,0.14375180375018204,1
0.43400887523547743,0.2530710141416917,1
0.6180233008817142,0.5726656816245479,0
0.4561202180704851,0.8854822242486905,0
0.8867864534602274,0.26903371840534246,1
0.18882097981453036,0.8267591067250855,0
0.8214752405886385,0.16245120068501695,1
0.04758485533235779,0.5883245139763837,0
0.12627975836715158,0.7750602583209726,0
0.3478813045994509,0.578365671986505,1
0.625936690328573,0.513684948314484,0
0.683048307001477,0.05806240927273387,1
0.3423358087704585,0.4557127845519645,1
0.3949061464348339,0.9210739837917472,0
0.1805180577135987,0.8084883003943191,0
0.045102507001377856,0.3925010726021503,0
0.287716361158074,0.9386621745486721,0
0.3424565635073531,0.4918180566134719,1
0.6411276147338576,0.5036675554434037,0
0.6226646126225266,0.6248310496803444,0
0.9146915546069674,0.3153017692510611,1
0.9080511661414812,0.31484180386571387,1
0.06962978386187402,0.5454945406761855,0
0.02468265997008362,0.5000065025618862,0
0.46053768577686993,0.20385873242300265,1
0.5893123253482999,0.7445324582488064,0
0.34905869313493476,0.9688632286013935,0
0.9571860909449423,0.5049001718101565,1
0.8840326218551329,0.2661273545659957,1
0.6114851764745678,0.06473575596019221,1
0.1741903564521257,0.8447566048214242,0
0.5850407284212579,0.6598540293627548,0
0.4632260385477623,0.8449925079153249,0
0.5501911600499109,0.0825351820335739,1
0.4228368552127144,0.8430145902652171,0
0.4321433328916421,0.2472275683503832,1
0.6672481139406414,0.4087426283541608,0
0.36491962919282867,0.9256844401992608,0
0.9308620503500804,0.31801204946209904,1
0.0987702248682295,0.6021471235082536,0
0.6165410027009898,0.5976325895172727,0
0.3937182956192297,0.4338932446110583,1
0.633448322130249,0.5018142985018892,0
0.6264259406005808,0.5645429685427648,0
0.5263557776482881,0.782787882390669,0
0.30431150805345886,0.9010392750951828,0
0.21811369384055773,0.8552024067034917,0
0.5109899036594935,0.7906000349306327,0
0.06593244271894694,0.6570723896811692,0
0.03832734560211387,0.5371775751139266,0
0.20851750824462703,0.8774666544326979,0
0.17408946668749678,0.8010912432820656,0
0.6940601705006455,0.12260288259140317,1
0.9297948324297645,0.4038521088085866,1
0.5728839539683412,0.07560217207741454,1
0.8481462998261966,0.13923054101302842,1
0.6389644858604345,0.34306265488326404,0
0.034690234059809755,0.4278074595173329,0
0.3239307612306745,0.5990074157369439,1
0.9336828122792828,0.48981504519807645,1
0.2726955984672123,0.9318847729280472,0
0.9141510620040989,0.42211409845148024,1
0.3120535895453271,0.6579264176281581,1
0.6223538045508676,0.09438436698999397,1
0.07493965107212563,0.5624341449686315,0
0.3600119604988808,0.971667144157248,0
0.43860821230015556,0.2003781843550852,1
0.40757288589228186,0.3204594365010777,1
0.5862353733565676,0.6592427206508817,0
0.598765219421294,0.6391856782125256,0
0.35946644384293613,0.40245574707252996,1
0.6119168090124794,0.08953954548841392,1
0.6210345798657579,0.0,1
0.3564980386040346,0.9206169996245285,0
0.5581085208424347,0.08799599218419285,1
0.4571072060943482,0.887161803872655,0
0.9341067767086944,0.47284267357718834,1
0.6033684920059799,0.6318985472701709,0
0.5504068608157303,0.0992376460491032,1
0.03759434795622857,0.4809278365424569,0
0.2577182775361716,0.9334077618362596,0
0.5364918874063112,0.08132036036009205,1
0.35698112693222034,0.6531262683792611,1
0.9244121998750847,0.37916292645910127,1
0.8185467313909303,0.2145306273779389,1
0.3456234744356946,0.5171888051371423,1
0.9581792401920555,0.5039178855352334,1
0.9037398071201188,0.382035543004845,1
0.09424122356218495,0.7112383702546343,0
0.789503176125975,0.07164748707695656,1
0.4673783098442137,0.08711603598790069,1
0.07132378500923992,0.670253436552551,0
0.07417981223402687,0.6153040015899025,0
0.952504840974669,0.5837439850192545,1
0.9310812743437731,0.4364863241312818,1
0.950043791214155,0.5450943354080158,1
0.5837616052872276,0.6875873588772792,0
0.3837056486364796,0.4450848485325938,1
0.21498086959931115,0.8796640118936468,0
0.8973342216220532,0.2873100116778018,1
0.03689676184365598,0.47876410466880215,0
0.3417119824742798,0.468630075697239,1
0.6268001681186102,0.5666953425338119,0
0.3610048784687785,0.40951381774478673,1
0.3719236040421094,0.46133596884413186,1
0.3978945492797138,0.26665089157951116,1
0.6308337600452596,0.6224083555516211,0
0.4965467930189791,0.13737938322276988,1
0.28380779770189113,0.9259216567225298,0
0.5742703505757321,0.08025292013149815,1
0.7736418710465331,0.11745443655250251,1
0.42446266657669524,0.2752410071146377,1
0.8784838906822352,0.25187611561635437,1
0.8521448910794107,0.1604916711552126,1
0.23819432025811788,0.9059983230140191,0
0.8526655565331387,0.24409197057502363,1
0.8383635233199678,0.21695917730703373,1
0.7171357098459097,0.10902993407980505,1
0.4517239158995642,0.19814002994787128,1
0.748350030549094,0.06506700723999448,1
0.34610744977188057,0.5973761871927328,1
0.3524393056658518,0.9523429143384975,0
0.3868584107215899,0.2757801666772185,1
0.026210185227923122,0.3925664886365689,0
0.3936510750711899,0.870421795921664,0
0.9443555709232387,0.47014887950440776,1
0.765963552000709,0.07798939451652798,1
0.9438178507348569,0.41826632091504123,1
0.02323912063178174,0.40580064696946233,0
0.38075126607998294,0.39127257873065113,1
0.0811847379594951,0.5902775998193153,0
0.6299652037002832,0.3462560912192877,0
0.34836467844146946,0.4077158928953349,1
0.7666716123643845,0.1032741497917288,1
0.16035672390892497,0.789127006110612,0
0.8832535231869678,0.30157968742206964,1
0.9491328210270797,0.568913239311329,1
0.5049403154163872,0.13195591888603916,1
0.4224927604497124,0.2646686987973106,1
0.5756938116603371,0.751429070258991,0
0.9131799700340555,0.40818462929334076,1
0.35535992360267954,0.5047368739140228,1
0.3541498698925624,0.9173352788513481,0
0.14064439356055364,0.735135945855475,0
0.19767726218565201,0.8315129535823671,0
0.10192046336732014,0.7764031867649699,0
0.45321270468466923,0.23810858944925625,1
0.557005474549888,0.07561795067592342,1
0.6646119501043661,0.34810347633757976,0
0.9457555460449216,0.4359173895655555,1
0.4639335402980289,0.8594278808125928,0
0.503651862400471,0.7997880383348874,0
0.3702532774582543,0.9630883210358275,0
0.4645019146880127,0.1935357236396772,1
0.4450072984014449,0.9044496129978035,0
0.8005781429102278,0.1451242057845531,1
0.8863688366668703,0.3138864562622323,1
0.9354834393938067,0.555859954328331,1
0.635941802726049,0.5121957186322414,0
0.4956996976938862,0.7811061946773517,0
0.774986265481013,0.17009383063932196,1
0.4341988209319813,0.21012701568301123,1
0.7091769729975771,0.07285541824591962,1
0.23707362931987486,0.8436597354651967,0
0.35683076392824953,0.46943590696838344,1
0.6594752505120387,0.3740481012379394,0
0.17421411979914522,0.8232822689954332,0
0.38207765797749027,0.27447408968619047,1
0.937813712020275,0.4302512650456491,1
0.726100538239381,0.06005483504941006,1
0.4580652923642068,0.1461376632052057,1
0.6344037811942025,0.44733618882323267,0
0.706848795953584,0.06759591169204154,1
0.20627119887641082,0.8622362541019105,0
0.06621540886163307,0.554483783124918,0
0.35913964994003394,0.3505651130530112,1
0.06493590174888686,0.554034180637329,0
0.6237339394541517,0.6025640707265135,0
0.5672670166619462,0.6773588991345232,0
0.7276175677398704,0.030276500102927817,1
0.6276282776552112,0.5234163150026108,0
0.17643799853376552,0.8467434435202523,0
0.5674923013949231,0.09144974729370059,1
0.44990507547081354,0.17839757250396085,1
0.6638941228151468,0.015684729715397305,1
0.710074277865846,0.08518909961821147,1
0.8061978226550259,0.09709860624128533,1
0.12094630924485952,0.7502460669761916,0
0.8479393248384932,0.17607084562359493,1
0.45768320657803296,0.15878254051505136,1
0.966654724320186,0.5508515420965927,1
0.14798035704997275,0.7529925755428689,0
0.14873642361331157,0.7626852576811378,0
0.5946925193866592,0.7808942408756379,0
0.3848745768935141,0.9433882832762317,0
0.5187747676011946,0.7115356768785411,0
0.18405385095774274,0.8861899928741737,0
0.10408022970033676,0.7647405120030035,0
0.9605640863054157,0.6512351082562038,1
0.951931213673264,0.5610395756539304,1
0.6427887743875556,0.0680503220546837,1
0.045281142441452926,0.43211393871669246,0
0.9107268893232225,0.3073701638111517,1
0.3464106688266114,0.38057858592803495,1
0.7172224815648843,0.058824343694863335,1
0.22616370993594845,0.8643519658546136,0
0.09937350181429883,0.6398208722429941,0
0.5182394315830614,0.1323195770430099,1
0.11702367189476762,0.7107113586395745,0
0.4133362825460706,0.860730070695165,0
0.4402768374759674,0.9104456830791438,0
0.9307467072262285,0.6071848453211663,1
0.20017747860574683,0.8762901016939733,0
0.7142451785850081,0.10794092494919941,1
0.3371837264699622,0.5927211916686308,1
0.64024961326547,0.026553466215125443,1
0.5181712180091307,0.8065543265105437,0
0.037161325577136806,0.49483795594378766,0
0.5054324250923872,0.8255017559215315,0
0.43983938952300206,0.8915734661925686,0
0.35861926550397605,0.6133841994979765,1
0.5557632287475356,0.7240016447472161,0
0.5829745752809513,0.5917252235487791,0
0.03949231688458227,0.5047507599966419,0
0.5985429803519131,0.0965717127794107,1
0.39511404252520155,0.32739680909818863,1
0.9398550461015609,0.5248233656759048,1
0.10019769139077175,0.7471971160314548,0
0.8325296443115253,0.2008298801556555,1
0.49451559850231497,0.09616524964309614,1
0.6153341176564702,0.10822022672111584,1
0.47950981721241465,0.8444671254253302,0
0.0553508130624884,0.42037102161178413,0
0.8831878493674226,0.2566915644932801,1
0.34227410091749016,0.62116339633808,1
0.583207294792472,0.7380451232155125,0
0.3830215708491347,0.3619358997571799,1
0.32470364405599905,0.9803035939836495,0
0.03897497377945042,0.42761462751890605,0
0.40573282195085997,0.8623598845172862,0
0.6075062213473258,0.61489994509013,0
0.2902102842583232,0.9298949016398695,0
0.7762652383195928,0.1273289037974974,1
0.25691711184300403,0.9035032449187779,0
0.6521954156305096,0.5005263975317404,0
0.6226946030867407,0.5701993512029857,0
0.40625818986342255,0.8933894923447424,0
0.8705420979279637,0.1828614647195168,1
0.371787882429372,0.9247885273302382,0
0.625115451322774,0.5219161190962938,0
0.38555383968127277,0.3924041450437644,1
0.4344532793605177,0.8850304486321833,0
0.3969013459958196,0.3525190475165284,1
0.2843929207583578,0.9549805880236751,0
0.5247948322366875,0.7604635557475475,0
0.4331516624570392,0.26067703776100837,1
0.5568814844600369,0.6890574238263775,0
0.908930426759855,0.49679245427426666,1
0.5102310852464254,0.13227906277667065,1
0.7432600071744999,0.0879814684941011,1
0.5434408493124795,0.12675826235217144,1
0.5240842880564643,0.8074199434361772,0
0.49297901622593066,0.12243678195899188,1
0.6549134898012242,0.3696847422120337,0
0.06519777273470223,0.41519800375613336,0
0.8903028585809507,0.23055997305788578,1
0.4270660417117625,0.22319121836551814,1
0.17315794939853782,0.8866981262702606,0
0.045909426741378656,0.4887675159918461,0
0.24805826192901947,0.8635015074734225,0
0.48318092348636854,0.16262262524629073,1
0.4793006031739621,0.8145249391158691,0
0.05099435929354168,0.49790654298924397,0
0.11432317923579538,0.7207104605007857,0
0.4005724720679785,0.9443886422781698,0
0.5661765700359559,0.11834650550391349,1
0.07930823222485944,0.6747651669129914,0
0.5564810308970247,0.08804313928234764,1
0.027204492178254658,0.45678016458290155,0
0.6303766473165352,0.5614043135534076,0
0.6548576939075402,0.07083384774168133,1
0.4262637983190031,0.902454530542771,0
0.762271899774881,0.14341312806092515,1
0.5153321056214644,0.8051704891943381,0
0.8421180298649962,0.22501661338598242,1
0.5991119084270651,0.6601579999787606,0
0.5307839692705105,0.8187763321690342,0
0.46954084476132,0.07655862509770783,1
0.5205843587059215,0.09281951202318817,1
0.16686985739932472,0.8382161157317851,0
0.3137454363597043,0.44775303289035356,1
0.21556182568144275,0.8857939566583689,0
0.8112052849755067,0.1274944573573591,1
0.6481950209401879,0.4049018603953494,0
0.9138190353115616,0.33552605219548165,1
0.28020669578841395,0.8845171220935684,0
0.21140968681409836,0.8688905229822238,0
0.6663959373663476,0.43257512350111843,0
0.9262789306667201,0.3219528857178949,1
0.14075676096676812,0.8491873406120006,0
0.7399488941813496,0.07024792680743214,1
0.7757609897263456,0.10684311104634106,1
0.264914762223886,1.0,0
0.7706214265373401,0.08964829985000444,1
0.052478685725907304,0.427908351327082,0
0.36104193618177965,0.9031479198007728,0
0.6193018996307336,0.07477110012263899,1
0.41664441503905564,0.26952559133641946,1
0.07661471802095865,0.6235306357838195,0
0.5240570450517817,0.12990154272079066,1
0.4629376581010045,0.19564496437540246,1
0.4965767926487401,0.8242208370360602,0
0.37743039505102427,0.47836456860374577,1
0.3060839713629489,0.9154672538901018,0
0.6538474618830663,0.4452222251994089,0
0.4245482838384042,0.2270967534333131,1
0.3670846006361655,0.451022171672849,1
0.5118178192109772,0.1592088665150853,1
0.450120583277987,0.21811474100568384,1
0.378583238956504,0.9020884005154911,0
0.09346180830384951,0.6528305376627873,0
0.8672878016251941,0.29334707470490234,1
0.6398561491765882,0.3944377973167043,0
0.06445611957636682,0.5531149539066641,0
0.9364735943690619,0.5621543136831635,1
0.36293093976783863,0.35687984268791634,1
0.7842446211007404,0.0668123421519412,1
0.6219024931340723,0.6364246847680762,0
0.40795736526289283,0.5887433599201469,1
0.5394786144241049,0.33285653606512977,1
0.5223241165694166,0.6275972006986481,1
0.3864753311191007,0.419485390790053,1
0.29011975231057396,0.09556361927259771,0
0.3784361346202564,0.40527155243796154,1
0.43514664184249885,0.3896212218507502,1
0.1254934448087437,0.232556404110694,0
0.07961557141397912,0.3700727906425295,0
0.5463119304492522,0.651616791035339,1
0.1815158015479152,0.8565923360794232,0
0.06451316407353708,0.3319222067693217,0
0.0502659887408935,0.6450759646119275,0
0.48640702836676164,0.650448524372572,1
0.635273197732842,0.4786814508387955,1
0.7101815809028811,0.9091994247143016,0
0.37947631524767506,0.4718592766583956,1
0.7563435599892532,0.884230442430001,0
0.5116818021610797,0.6098055858518846,1
0.330441255140552,0.47726628500439805,1
0.22978110535453133,0.8385515599934168,0
0.645734186250033,0.5515216534210527,1
0.4102565255152417,0.5983177880832727,1
0.8508559581747709,0.7567927583047629,0
0.6863685462479514,0.058237581980269904,0
0.3886221850048783,0.514971965430542,1
0.16582856239370858,0.7624944171622545,0
0.4502619030193341,0.016982082047969804,0
0.734996888747442,0.8491012346615442,0
0.5358610357767767,0.32802148980847035,1
0.5224277628085684,0.62886431531977,1
0.8401003749147464,0.8376573460124972,0
0.506308587722776,0.3563812421513445,1
0.869288231720796,0.21819505936272449,0
0.38344300662902164,0.42766328173480483,1
0.5243695461054283,0.06911810173577054,0
0.27110461071434017,0.8867459661644395,0
0.28448445139138234,0.09242140650647818,0
0.40470363682402133,0.5543031746528134,1
0.14312236405025203,0.6934598918115034,0
0.39220431612237583,0.5668752874162133,1
0.869185353617832,0.2712342294199469,0
0.4408696419941371,0.6379514778188806,1
0.47138267710520065,0.3794022215087778,1
0.950530176461786,0.38784757635141565,0
0.2217294537650885,0.07894369310285587,0
0.4108276996137772,0.9438062675548455,0
0.08696840241867054,0.702175032760344,0
0.6164626746979778,0.4837527457361819,1
0.08018607102733155,0.344727822084966,0
0.3738496113698826,0.42921682824149854,1
0.6130279806366139,0.6115713534214531,1
0.5178044003564548,0.9025876749886859,0
0.23589531275258896,0.159902326157996,0
0.6120533294490516,0.6120591560702372,1
0.5741715212935775,0.639157538801908,1
0.7557586186196862,0.8882939466007536,0
0.5384934471390247,0.6323062132270888,1
0.5243508978851514,0.6718913669942815,1
0.3524108635179932,0.5200374570399078,1
0.4414087387660496,0.35492846640617326,1
0.9398953717527444,0.4679340157036377,0
0.31900135333878776,0.4316792421545238,1
0.6450853168955157,0.4127107905316949,1
0.04690639337951896,0.4090758559341341,0
0.4164754066996089,0.37997905245144636,1
0.5864569135499537,0.369198658326229,1
0.5897180224799621,0.3688072543061315,1
0.9332820470237763,0.4838655974928312,0
0.41881375484605327,0.06083983980595148,0
0.3640833854813937,0.43914757973930957,1
0.40471800723286866,0.5335975454175528,1
0.411146025328262,0.940811478031568,0
0.3865475300483746,0.5528295366772392,1
0.9056335816121591,0.673992364549705,0
0.1245432135215937,0.7007086136162685,0
0.3722622054311604,0.5596997935927309,1
0.27674127513187496,0.9253047602379703,0
0.0851325457817182,0.545174018948559,0
0.6489657769870975,0.4833208647240237,1
0.9120287369307001,0.33769117846185537,0
0.4881793970071185,0.9118328021652216,0
0.41836427666041537,0.05985789175503248,0
0.5914368706281743,0.57867971610199,1
0.5573606915628821,0.6506124861248307,1
0.624573149806076,0.5359903759518565,1
0.6468719006174604,0.46087730956643264,1
0.1284877724513282,0.7761665983526225,0
0.43829630299669486,0.3280226080751266,1
0.6341348922754851,0.5210301206239205,1
0.6168193646046399,0.5712320507384431,1
0.5223890891170425,0.9455936294512811,0
0.19647114002929422,0.8068190133984356,0
0.24276911062185075,0.892200427270373,0
0.9300152918156412,0.3195340804734713,0
0.4323416756161988,0.38817097040193876,1
0.40667449750400925,0.40516050445585156,1
0.9557174162464483,0.4750026526940345,0
0.6069011630029019,0.5276088478475763,1
0.2436911154754977,0.8874200189896821,0
0.8065095295631671,0.8783620830875818,0
0.41308625447587255,0.587832536178685,1
0.6659873073674705,0.054196384829217625,0
0.6207235800216578,0.44051409935654295,1
0.697960068907284,0.9561289480591224,0
0.04392970463209145,0.49225948296174576,0
0.5155819670636923,0.9671503459980307,0
0.6322187811029583,0.47705287485257164,1
0.4694141640655504,0.6325503856438911,1
0.5949692786012589,0.5675931551204341,1
0.3510347495816514,0.5142187050644682,1
0.5922799697312168,0.5878479858568362,1
0.9247983711005896,0.6914986671291561,0
0.8665796714412178,0.8250161166809564,0
0.6284734401778267,0.9509243783427854,0
0.5186709625002002,0.6376407101068964,1
0.9427149063882734,0.3206316538315016,0
0.5864017069116673,0.347425688152308,1
0.9008242127675337,0.5671947727938322,0
0.3723414032629829,0.025336064159896643,0
0.9143832080343104,0.26527857920426223,0
0.38241048000457917,0.5047063513060861,1
0.23089969932427729,0.8312299780046579,0
0.8403043009389617,0.16275710383075687,0
0.5543796629293256,0.6096377151586686,1
0.5306721754401774,0.3598936506032757,1
0.3237434694859408,0.9289305095436345,0
0.04573467224477884,0.5319158854182352,0
0.9216597375626564,0.617090674897339,0
0.44156425876731425,0.9279618250564572,0
0.08648480564981609,0.5440569570046968,0
0.778574608440301,0.12453963562722603,0
0.4823832700277033,0.6013140519306525,1
0.3820004206785212,0.3824498341289986,1
0.8656955783843283,0.8240252505795,0
0.11203486560584974,0.2743067389845616,0
0.9697026550575589,0.40276140796875703,0
0.48355292325376864,0.36132337473498144,1
0.36640764762917766,0.5294473373024513,1
0.4354041712320119,0.5856229515884264,1
0.05278058587518275,0.6783707548777326,0
0.9743889627911575,0.5028260005875339,0
0.7182253347034622,0.9370328960585291,0
0.6321281832902581,0.060775159546717916,0
0.6495668770789749,0.4176371693626708,1
0.39581816530876746,0.5664931870498183,1
0.4921097599204379,0.6186455949523938,1
0.37880375573840175,0.48028192475128917,1
0.8664405527454826,0.2111011302125958,0
0.10084657329607288,0.593588979626662,0
0.39801089281274404,0.5256657490570066,1
0.1311688576361154,0.22876651235199208,0
0.3705273346893382,0.619791211505257,1
0.09932665255481282,0.29880764333578186,0
0.8816633579099968,0.23456778737792527,0
0.573735762492394,0.38464783587419615,1
0.44645156105857065,0.37059380290545685,1
0.30441033320737093,0.06977300319462076,0
0.4967516024326378,0.04207206530087715,0
0.3697806834339895,0.4817506230112819,1
0.8249969699973247,0.16325891575049567,0
0.41132171366625364,0.5794859861687551,1
0.6435587750498977,0.5578981002389355,1
0.5092394598124219,0.6396179971369973,1
0.3666624441743895,0.4143496149226473,1
0.039811526756779736,0.572106035677228,0
0.4157405845832717,0.5788911619307961,1
0.4526184585824174,0.3426349081924215,1
0.5223974407530213,0.052827999443942564,0
0.5801300217869588,0.04783124370336639,0
0.9274885213428444,0.6340396379127891,0
0.12660909476864818,0.3138374771365415,0
0.3752999151229043,0.5858541832578678,1
0.6086497054389481,0.4307421773041662,1
0.9263565335326971,0.3324448644647906,0
0.8475558956900624,0.19400163203289983,0
0.5850447648963824,0.5976890140522787,1
0.7753364740453852,0.8726647702101441,0
0.5711669271908191,0.5881921819830075,1
0.36052518526907795,0.983502190862799,0
0.6025591717389589,0.3574906293023808,1
0.46814511787514795,0.3894487022955341,1
0.16428301077570923,0.7648094686211859,0
0.48687297434033433,0.3795800895661034,1
0.6200754920302947,0.5145880906063176,1
0.13793581983535363,0.7121858000208733,0
0.5302974760437323,0.6586506108374963,1
0.5907771274415708,1.0,0
0.37503333760194,0.4246911919438508,1
0.7005088622950087,0.9109379340799539,0
0.6910203693197048,0.9292493169268117,0
0.6461527254765856,0.5469142767477124,1
0.9181202613382416,0.635004751563708,0
0.8693527164042614,0.7402963373638715,0
0.6337611361118689,0.5299179192878892,1
0.895732329121449,0.2934507101658914,0
0.18737934817074142,0.20619339140272153,0
0.7666549268453979,0.8828854079073538,0
0.5100410934048618,0.39491918928039027,1
0.5991454862049524,0.41167691766284575,1
0.3753550643789102,0.062141413965431436,0
0.7641655175590345,0.11567599992501537,0
0.5358723047597029,0.3495923299579982,1
0.6615036936444827,0.475468331244407,1
0.6967114029272098,0.49382347979225666,1
0.5681035182611597,0.3676132909099385,1
0.8375883010320478,0.830244733842631,0
0.6180488441304024,0.5553722691618247,1
0.4911121323400907,0.649954768851916,1
0.23669105520850375,0.8702519021504689,0
0.36905671746614604,0.0,0
0.42339053096311235,0.9121646061027828,0
0.47748235522265614,0.375037220281066,1
0.26021524833748844,0.8636400889799949,0
0.8345180450936479,0.8058382225138128,0
0.5089859118794725,0.010655447236953275,0
0.05656901053443131,0.32926351227205675,0
0.4084549324926293,0.3997553969136313,1
0.5634520762113481,0.01917550067147622,0
0.6335321748303961,0.5502828208968609,1
0.6044921586429819,0.518917561206273,1
0.961140487660866,0.4788544604934564,0
0.5754418286317711,0.4130843679812978,1
0.5709058771468816,0.9231166219532833,0
0.4178473642043232,0.4176646875660238,1
0.9339349332102203,0.6046792534518757,0
0.9244362633458767,0.6309690148450583,0
0.5378887756082253,0.5842343238409898,1
0.3868684617986514,0.38226856401178644,1
0.6157746553449982,0.448806321697001,1
0.651278056419199,0.028213880994783225,0
0.3522578130801499,0.5745354390637669,1
0.6032443985867141,0.6574095395168109,1
0.8528267983856839,0.2031367162655604,0
0.508473387619145,0.613455799547735,1
0.4963714830101293,0.3725451498418556,1
0.6451157530034259,0.5145387503290516,1
0.6524667684850797,0.4517951647910532,1
0.33526672927809825,0.053160257908272834,0
0.5041122021692005,0.9726746551805536,0
0.1565966115347105,0.7552337293141284,0
0.3523383355843713,0.4304216749832552,1
0.5451941649138211,0.3623935957777378,1
0.6733754349367966,0.10023447265819696,0
0.1807606415875902,0.7779499863778965,0
0.8392651296923056,0.16092347507672938,0
0.26367212086410724,0.8627533225518077,0
0.5730612695136782,0.3794937113963127,1
0.3401218329771875,0.07954838064252251,0
0.5612690849554698,0.3414465280646367,1
0.5112138084576977,0.3646466779722055,1
0.9701341362111426,0.4566975871493209,0
0.8793818873834227,0.28516013222658343,0
0.16365040101081102,0.20254076439063556,0
0.6591394790605559,0.6097595532997826,1
0.347166498557276,0.4818339847523936,1
0.6519953849013479,0.051562835054239975,0
0.6425302296764914,0.43566865952677264,1
0.613859847281728,0.5617279933548512,1
0.3295489575051792,0.9072619810887935,0
0.9061096400427202,0.7863269627168097,0
0.3442930590563447,0.9541855637735754,0
0.6398120803302627,0.5353633538913781,1
0.7789791820642413,0.13944136456994927,0
0.6129463573887071,0.0169615346971439,0
0.6065711459180427,0.4074127259042509,1
0.08532837694459627,0.7052015074356295,0
0.3435266495758996,0.42553440021841865,1
0.10393241603735698,0.6474671609083226,0
0.4199807093722486,0.5823286107639681,1
0.5757886378819491,0.3548130475900445,1
0.4336826065755295,0.3734349561942668,1
0.44452266867713397,0.6010535803095493,1
0.446742844400377,0.5959381514438924,1
0.49418573168767704,0.03888629444855235,0
0.05898828147706464,0.5771898699910696,0
0.7950983384863368,0.1222907801440058,0
0.9551095054675739,0.4699069546899416,0
0.7208921918797777,0.04620758899549765,0
0.7314329378816573,0.1025171086928578,0
0.0,0.41508969904366666,0
0.9101195495193368,0.29353224764209473,0
0.5768736594917829,0.9578936469480807,0
0.5703201610130624,0.37737640676869455,1
0.08061080860517711,0.3531797211627754,0
0.5832941091012049,0.9367098407855515,0
0.3575796182762797,0.4172858374428562,1
0.04498512221050782,0.43757264643871874,0
0.9869525186958059,0.5916756336445854,0
0.351571914451899,0.49526597761624,1
0.6403242020181705,0.9256655532735598,0
0.6079269975417134,0.48399364652949123,1
0.4956564651143701,0.35758469517251856,1
0.5607387126301258,0.06991566214611578,0
0.5615017107742746,0.3693993982657683,1
0.15466134163988415,0.19549705077747237,0
0.43534119001842303,0.6481957901280502,1
0.3750726798521171,0.5325935303321263,1
0.323139479032754,0.08052941758319421,0
0.7282202976057242,0.886869828400082,0
0.5186117337537011,0.6252363360555188,1
0.41950277219844717,0.38418923070788613,1
0.3648629758434023,0.9377228896646284,0
0.40344113320461555,0.5598344607490893,1
0.3979913406101156,0.5007864785197388,1
0.07671977077240988,0.19764448455501687,0
0.39116459863944253,0.41795784850849066,1
0.44077351624038175,0.020159279279917508,0
0.3867922118043891,0.5050067960427033,1
0.9999999999999999,0.5272543586482495,0
0.6477721164629985,0.5810067005425917,1
0.5040554769463865,0.3711207646488983,1
0.5817994399085772,0.020112282431830553,0
0.5657806587300719,0.3596511850159826,1
0.8146865902005108,0.16454666172487042,0
0.5746707902341553,0.38517284504204286,1
0.3493921421299152,0.4844267658008801,1
0.9269790884526989,0.6992653210555282,0
0.26088304578346655,0.16603139800591393,0
0.05618450467913089,0.5658163080075542,0
0.8983968058928107,0.6619530632542874,0
0.6082886661162613,0.603323533943635,1
0.5421373445007538,0.4248713510743843,1
0.40153045247636887,0.5508187194741382,1
0.014353735457574401,0.4674868527449382,0
0.9116521410988228,0.3897879206522983,0
0.26051780109555567,0.16971675571918993,0
0.4978105080680304,0.3210967209720572,1
0.13573799058119113,0.7597987113697628,0
0.38297534125592003,0.988415940241236,0
0.5732795441894891,0.6221257513937798,1
0.5594778831812247,0.40216219385125207,1
0.8954995233539131,0.7158854036584561,0
0.5825611075937205,0.4293809256545083,1
0.4994163697942709,0.03209142539036425,0
0.09142348417876334,0.27159262513328614,0
0.4216690123169031,0.4220411414252289,1
0.559795486324828,0.41365434235112164,1
0.5816232373063399,0.39624831016732687,1
0.4680159402985126,0.6201745338337732,1
0.0459955943324204,0.3922407654607126,0
0.39659416674483505,0.5689025698318256,1
0.1574053331607106,0.1803123658083164,0
0.38878455310384075,0.5328716253201211,1
0.565127015834751,0.619187999508765,1
0.6450538273465475,0.5984820948159596,1
0.5978357681398299,0.47995390496598467,1
0.34826955693233197,0.5167317763231731,1
0.08476129561461093,0.5993010786685506,0
0.5951303753670927,0.6556160523368626,1
0.9103992140568624,0.656479416904868,0
0.17573906295456232,0.1682445401681507,0
0.5058321721559325,0.4159619051310138,1
0.4417754311427546,0.35382546201712717,1
0.06808797339258088,0.6399541625977628,0
0.507146460917771,0.67085540862507,1
0.5955080519890364,0.6023455017619961,1
0.5750884398878614,0.4045666842559793,1
0.6546178748177773,0.9631582613425058,0
0.7649154820960329,0.09050419898767331,0
0.49925365745314276,0.982591052732752,0
0.5770283842897457,0.3876965562282614,1
0.3537272216491283,0.4973362849529214,1
0.9366966353068487,0.4300281937069374,0
0.5963029620204043,0.9343228551508771,0
0.6599873716537477,0.4954777326566717,1
0.9826082322749271,0.5387435839941692,0
0.13494209404263052,0.6461656170056798,0
0.47599972211836045,0.6240027971982277,1
0.5078045142606228,0.9710924447632826,0
0.483946417799274,0.6138605169491994,1
0.26966787263990527,0.10934069697307702,0
0.6034274754706676,0.39759224134791366,1
0.20597738518049136,0.16724103987343458,0
0.4274625044175764,0.5862357171441192,1
0.015061222321593792,0.5643298644678418,0
0.5085993633966077,0.36213164008896265,1
0.5382386045981595,0.6346103679818642,1
0.4991485667972588,0.6418265509132399,1
0.4995529569103879,0.32465394870662356,1
0.6555727808479375,0.48451105667585376,1
0.39282887126654686,0.49229233178881,1
0.33660370417521807,0.47227334118265923,1
0.6127623115301535,0.4041200612872422,1
0.14066974858765263,0.2433961381770548,0
0.34033597783390235,0.9122653026694236,0
0.8582277624905529,0.8176302418448788,0
0.6382255862235712,0.543823065348365,1
0.45292645582603935,0.3720502835422986,1
0.5645248791772992,0.592164329961837,1
0.4863075007218814,0.612802179933989,1
0.6818076922247095,0.08279529831518079,0
0.3871296072188728,0.028565662979551987,0
0.4816870489410714,0.6551490308507266,1
0.10596171407281613,0.3826423858346938,0
0.8961445995405614,0.2816722026463535,0
0.32381240496810726,0.5248206846835887,1
0.2106007489763856,0.133340097010892,0
0.3861808706988775,0.580334108620291,1
0.37360156412263745,0.08819112187019884,0
0.23934871235949096,0.11445006203328995,0
0.12756918020910124,0.615046231750456,1
0.718806232016511,0.34620979967368415,1
0.474375694867871,0.15440424870591274,1
0.9047660248897955,0.7434774654600529,1
0.5615374959365218,0.06296851864327502,0
0.5610491911598715,0.5909874232029404,0
0.6472081597534459,0.2232471602759557,1
0.5848945496518846,0.35217031682709354,0
0.7128514954350508,0.13262929932445472,0
0.7670472965615943,0.15963130591240188,0
0.045335589907194884,0.3664211236211836,0
0.2895397342842819,0.877123505461123,1
0.4294320115454144,0.6591565370227395,1
0.7049664072346684,0.11757053581232374,0
0.7374630215031178,0.8968192914069704,1
0.59052419921844,0.05195858408047627,0
0.5117364082951442,0.31314137318841,0
0.853494400710751,0.8263528715644384,1
0.3563422532883378,0.06611149081557238,0
0.6324070490355496,0.4798048266669482,0
0.7172331627095141,0.558953314159246,1
0.7138127775120008,0.595989509662466,1
0.5003639250569071,0.4355298853088534,1
0.01542745589465161,0.6529133840269803,0
0.7967114071441058,0.02981813902571473,1
0.367305664758735,0.5231986503532031,1
0.12708237363320246,0.6431727564309473,1
0.8629968211086563,0.3277066067275091,0
0.9857173077841768,0.4190263591607657,1
0.37351187816493703,0.790491473369777,0
0.04499802598468433,0.32757012959403503,0
0.15087913940468795,0.172259286707238,0
0.7687149998417392,0.8859167706182629,1
0.1627795762055298,0.1702104727861814,0
0.9424191492222147,0.6818072983247492,1
0.2871485045649492,0.8673707006755453,1
0.4758362215663514,0.047758520205551214,0
0.8571080237917906,0.6395549162918777,0
0.7199194850136191,0.9193488454987524,1
0.6335357531159608,0.0813222198230541,0
0.8774111980294707,0.5646381530498038,0
0.965658685547446,0.2940460344483782,1
0.3549952570161242,0.912284632314105,1
0.144681372142701,0.9282805905801695,0
0.44955967860633855,0.6881769991984538,1
0.6024753962420014,0.9532679249423279,1
0.3283561824173977,0.17144851855907212,1
0.27414592194312387,0.6571200906656676,0
0.005488605041496619,0.5398714946463293,0
0.364484715978359,0.9172303606413567,1
0.14650559928924906,0.17364712843556157,0
0.5273291156685709,0.32074024974359755,0
0.31989553229010836,0.3613861258250979,0
0.5297481039119464,0.305826363356416,0
0.9857867270814673,0.5016244016411844,1
0.28911385772818077,0.6950264607861827,0
0.5746504937458469,0.17813252160887866,1
0.9945113949585034,0.4601285053536707,1
0.5939842051429967,0.059980780903752584,0
0.8036147140133105,0.6970298635415313,0
0.4475467332530515,0.3157669376563864,0
0.8108179117253107,0.03519841871518947,1
0.3018100444396602,0.7028393416271037,0
0.8925983845543206,0.4954618516977344,0
0.4551594389768283,0.8303250928218839,0
0.25699754861946256,0.6240632756650557,0
0.8244357446958084,0.8331803420942956,1
0.9592080338635907,0.23935181296455,1
0.9816000084207113,0.497371642384049,1
0.212224701102379,0.7958901247914336,1
0.9546644100928051,0.6335788763788164,1
0.8126025012821882,0.03547300518666274,1
0.0608234879488157,0.7949836366272948,0
0.9779398881978101,0.552440215236497,1
0.4349488116578752,0.6703373332775068,1
0.22275514473137342,0.2537965006793632,1
0.22241608059396384,0.257435733437256,1
0.8374090010277714,0.6658717113491927,0
0.8615436945399269,0.35381804504326947,0
0.8138195342073983,0.23029041712693388,0
0.9978927025231112,0.429926959286441,1
0.8129359151245041,0.03580976343649528,1
0.9858133055141596,0.3247324656754971,1
0.882466836271016,0.5451547905910915,0
0.29296124263002565,0.677934068868257,0
0.6163537509170539,0.19822366237303907,1
0.6466310931367685,0.47460010509140294,0
0.9854731589495275,0.5366547640450708,1
0.9985257937616265,0.5017614269816492,1
0.7644240913615532,0.8777774355648593,1
0.8330305212431586,0.04439000119724007,1
0.2861872224879992,0.40401049033753395,0
0.7406413866338168,0.3653485537897039,1
0.6279271847831975,0.06943340066173126,0
0.5071553561733568,0.5046626457184156,0
0.742361955740773,0.9023091876565446,1
0.014186694485840479,0.6752675343245029,0
0.3556931875337894,0.5070730531224498,1
0.8231458416416544,0.057265916372746584,1
0.7994915613042652,0.8596470440164796,1
0.2355759086384468,0.12222256443514073,0
0.6330633056684983,0.44835809467079296,0
0.4766940033860882,0.41123549659248754,1
0.3246576473407259,0.06900934685502907,0
0.20335226450020416,0.9717545295408112,0
0.20071611049957366,0.13559816280923243,0
0.9718958100084532,0.5561135776758461,1
0.07783924920054236,0.8366063501192257,0
0.5439251428463266,0.8460034982403275,0
0.7070387573699743,0.322065931131743,1
0.40346204807981534,0.15720023637107133,1
0.02940869443963401,0.4138163817101881,0
0.35549221528017183,0.16240096756541483,1
0.4112042454093015,0.4324545914343738,1
0.6281638108038221,0.20186133112138044,1
0.5947700770008842,0.1886381971028685,1
0.8724308197908988,0.38495376824954397,0
0.6814325899796149,0.2573433506820628,1
0.8717080864439402,0.7981571869446352,1
0.3527918402465541,0.7767528397240443,0
0.37932156659712124,0.16061762843028715,1
0.20223632654281487,0.13233008612221703,0
0.14289197620820937,0.3604450837081224,1
0.3533689068632315,0.5253998949085971,1
0.5341655932606486,0.04965741686057723,0
0.6335787930395813,0.6609614600985247,1
0.8050500667356042,0.8532825336603556,1
0.7143628920705433,0.5492790620858062,1
0.5595133321666288,0.9635835479895791,1
0.12898263266568483,0.637228378944018,1
0.030634981878418455,0.6936518098080842,0
0.5514067156213477,0.84437856612207,0
0.9861842680684798,0.5413468436276889,1
0.43895080884012844,0.4090125767970596,1
0.6350184360812406,0.22489994760746357,1
0.3175632393748529,0.07748600768414338,0
0.6716438175826023,0.8285514814409278,0
0.4992700906731268,0.03825546210657066,0
0.16744067966082132,0.7654123197982245,1
0.9166755819350514,0.7466059533328224,1
0.3819253669161603,0.8063789717802115,0
0.26620807836936744,0.5926887075536393,0
0.40601579485700334,0.9400192190962474,1
0.7288804796205373,0.5190503129010778,1
0.257638044259227,0.09769081234345539,0
0.9046165971018747,0.1514285890098755,1
0.6791279176975856,0.609880237500599,1
0.057173369729800305,0.2964654841646697,0
0.7772448552686266,0.7462034993206368,0
0.6469052564817923,0.8362427446637428,0
0.5710050241877819,0.9609547708530107,1
0.6284598782144588,0.413571816776197,0
0.720375137547479,0.11455045910439038,0
0.3530947435182077,0.16375725533625712,1
0.08107790552891547,0.8240594428999808,0
0.37796117225290626,0.602009261034494,1
0.3238947090724471,0.3661257116900072,0
0.9748525185477925,0.35183053417285837,1
0.09523397511020454,0.25652253453994717,0
0.08830212058936493,0.2856847797856988,0
0.07290399609257014,0.8059116235436667,0
0.3650955040376044,0.05641971628527881,0
0.5099964448237608,0.6828928356976665,1
0.3113052141431737,0.18184954679542775,1
0.9601530531180802,0.6320736539128325,1
0.020476509106905016,0.42961352996599955,0
0.10709682341501203,0.5515982579860685,1
0.43846250406347825,0.937031481356725,1
0.1609699941699107,0.7397400839209688,1
0.21570300062580228,0.1096017742540426,0
0.46721300886028316,0.404472952126808,1
0.3668090769803175,0.16692236483728318,1
0.0040527674765433175,0.47687016685665073,0
0.7651985532014324,0.0,1
0.25784026536630544,0.47396505981224873,0
0.38739526022442927,0.6118294352845101,1
0.12258880197052935,0.43536184695019625,1
0.6326943352412651,0.4768013496467969,0
0.41031506524992667,0.4145988496440832,1
0.8592532695654012,0.8164125445595094,1
0.3005117326430995,0.7022808447359783,0
0.743485690400508,0.5029497343676576,1
0.18706408487549592,0.9641902365635047,0
0.4460165200452805,0.42215689756222813,1
0.7359374755386463,0.4211718753721406,1
0.947213133493546,0.2444759157038195,1
0.6628984738673452,0.6368064435331365,1
0.8110575599938075,0.030858508875443724,1
0.5942109900580191,0.5759498120667459,0
0.3702299257173442,0.4675497488151336,1
0.9914575849157059,0.5393514434038629,1
0.8802891794119445,0.3715689544760107,0
0.3720728152168025,0.9305665993382688,1
0.21357982089324262,0.2635745897557073,1
0.8553186278572991,0.07171940941983046,1
0.9228492480992796,0.16772049459389915,1
0.40947580078156,0.9480414159195237,1
0.6301562735729459,0.4350438828327289,0
0.3698437264270541,0.5649561171672711,1
0.08764100818509812,0.8500389720334856,0
0.5524532667469485,0.6842330623436136,1
0.014213272918532693,0.4983755983588156,0
0.12595907732138467,0.22384616891866416,0
0.05758085077778535,0.3181927016752508,0
0.44259915870366745,0.40629038687913654,1
0.7725988923009752,0.8866166430191267,1
0.9909500728241819,0.40602052324395366,1
0.7955382489849392,0.7346504660295091,0
0.55022812958688,0.5807592997116694,0
0.024255766554893088,0.4377735516694283,0
0.6419898402765314,0.4731439958931175,0
0.27111952037946274,0.48094968709892216,0
0.6571813438221239,0.23126695859138774,1
0.83888810920614,0.6751117926318476,0
0.9116978794106351,0.7143152202143013,1
0.10300685361766515,0.5187172028979977,1
0.44859328437865226,0.15562143387792998,1
0.9300062463072751,0.6971398113055218,1
0.022060111802189863,0.447559784763503,0
0.7341232885781173,0.7824173778759218,0
0.8272020830732336,0.6620790307262114,0
0.5664468915870223,0.5741845452315242,0
0.8072758129102489,0.027164717723511866,1
0.1873974987178118,0.9645269948133373,0
0.8564114556563354,0.07565999356228514,1
0.7342734928405034,0.13817010054440249,0
0.8316997003363296,0.6816070091470907,0
0.970591305560366,0.5861836182898119,1
0.9748996953772762,0.6107101889090099,1
0.26739064686153885,0.5164792000535894,0
0.9676917863928833,0.6174541457403873,1
0.2827668372904859,0.441046685840754,0
0.26831314714318916,0.6192897529971847,0
0.4057890099419808,0.42405018793325405,1
0.9550019740153157,0.672429870405965,1
0.8814725879984482,0.7732321311839375,1
0.16259099897222862,0.33412828865080735,1
0.18894244000619248,0.9691414911245563,0
0.5261649856104111,0.04095339362031941,0
0.2223761599138001,0.9965439389883579,0
0.5650511883421249,0.3296626667224932,0
0.2658767114218828,0.2175826221240782,1
0.25752634868768454,0.10278563075081704,0
0.08879063105095752,0.8684971780227416,0
0.5081839823348318,0.9509827484449453,1
0.36693669433150167,0.5516419053292071,1
0.42899497581221807,0.03904522914698927,0
0.6687339590346539,0.081332548407069,0
0.5063977847259914,0.43796327184377354,1
0.41689227269749096,0.6624019654064897,1
1.0,0.4300033524978781,1
0.26572650715949664,0.8618298994555975,1
0.009049927175818095,0.5939794767560463,0
0.575997181166226,0.3466502341708848,0
0.13343574200325825,0.4041698266259419,1
0.3061985302999441,0.39718643339737375,0
0.588777736270525,0.9541808435459895,1
0.9845725441053483,0.34708661597301965,1
0.6098867487773848,0.0639417318752662,0
0.1251758150465388,0.42296345275291264,1
0.41999805667384077,0.8148545678442708,0
0.4560748571536733,0.15399650175967255,1
0.2276465635664186,0.23633746671032985,1
0.7421597346336946,0.5260349401877512,1
0.42840501581458834,0.8216051551047658,0
0.20050843869573476,0.14035295598352038,0
0.6414803072649667,0.485204206495443,0
0.8516178153262477,0.2818384623738691,0
0.8451889842312021,0.6498434323758866,0
0.31510012932351983,0.07817505757147131,0
0.596487916532819,0.8439468053296562,0
0.37661306961356317,0.6070937075368087,1
0.7354759275461848,0.5031545191778379,1
0.1057510606058839,0.8687925980676676,0
0.3718361891961779,0.7981386688786196,0
0.8840115028182145,0.4089444451611925,0
0.9873105820301464,0.4643737494158055,1
0.017384607929902207,0.6871184295342884,0
0.030923257369604995,0.4054311059394348,0
0.6761052909275529,0.6338742883099928,1
0.2395348927576686,0.8404360106950135,1
0.0021072974768887587,0.570073040713559,0
0.7977636734571851,0.867669913877783,1
0.7108861422718192,0.30497353921381737,1
0.8510127294111867,0.6203740258011194,0
0.5230530404864003,0.15815453494678433,1
0.8812128324218274,0.3692420321508122,0
0.6131764898737386,0.9551383416161283,1
0.9693650181215816,0.30634819019191584,1
0.8466640068490906,0.6321341842675897,0
0.5172358559233914,0.16334906647781244,1
0.6886947858568263,0.8181504532045722,0
0.028864286796212668,0.3927408185596005,0
0.8469542880294976,0.833523424109269,1
0.33126604096534606,0.918667451592931,1
0.00930775073958584,0.5126688513162768,0
0.1548110157687979,0.35015656762411335,1
0.3263978244292439,0.07499317986457654,0
0.26380981727572284,0.21925231663140715,1
0.6054863299030676,0.9524665306719442,1
0.16111189079385996,0.3248882073681524,1
0.7775839194060361,0.742564266562744,0
0.7258540780568761,0.34287990933433243,1
0.14838218467375236,0.7181615376261309,1
0.4654716960435926,0.044182272238611875,0
0.14530169816556782,0.3593605443105251,1
0.734495052430213,0.42014443362193976,1
0.464828218041507,0.41754954261701493,1
0.2710583523180631,0.6040961731827859,0
0.8740409226786153,0.7761538310813358,1
0.8816683434971788,0.7890216834196143,1
0.2858145508260533,0.4371131468004463,0
0.22726241561818983,0.12123042100133452,0
0.7992838895004264,0.8644018371907676,1
0.15131133591129936,0.691917872189754,1
0.10287148514192468,0.8913964127878109,0
0.45871090351984967,0.8255773214531172,0
0.37166652964503816,0.05720167541307558,0
0.3715401217855412,0.5864281832238031,1
0.6450047429838758,0.08771536768589511,0
0.712533125320133,0.11573454143909734,0
0.35988591811953785,0.7660415027301355,0
0.9848674049804211,0.3533381420162694,1
0.6340275514972142,0.45302643888955635,0
0.7423443544502903,0.4338138883376081,1
0.11557572442037045,0.5836544189463893,1
0.13700317889134367,0.6722933932724908,1
0.1184218894071904,0.46626362300102564,1
0.37767858562276424,0.9231467875692202,1
0.168269706996037,0.3416836993968494,1
0.8911923150656712,0.4009619944936043,0
0.8871756555867993,0.4436483966495164,0
0.30176209722635183,0.40046139140279824,0
0.1851370894407422,0.2976915370025155,1
0.21271403735871097,0.1255837493370452,0
0.18567136021264435,0.7795611944462104,1
0.11833165650282113,0.21097831658038568,0
0.7326093531384612,0.4835207999464106,1
0.5887957545906986,0.5675454085656262,0
0.40351208346718104,0.1560531946703439,1
0.25765564554970966,0.5661861116623919,0
0.6468876472794318,0.8260247730649333,0
0.40999144766250917,0.3209631623055173,0
0.884334769612324,0.5384616250966805,0
0.05379014961374978,0.3514803599381834,0
0.7316868528568108,0.38071024700281536,1
0.8484360691648571,0.2967680296842311,0
0.43522141304625706,0.8216482596710553,0
0.3901132512226152,0.9360582681247338,1
0.6392562708694796,0.8386650780685077,0
0.2883373465278428,0.874027006696609,1
0.3664642468840392,0.9186777801769459,1
0.784655075059226,0.8795531629788981,1
0.5007299093268732,0.9617445378934293,1
0.08332441806494856,0.2533940466671776,0
0.7347022663936056,0.7913403052732002,0
0.892903176584988,0.4484017420139314,0
0.1407467304345989,0.18358745544049054,0
0.9909526545403773,0.552336716537679,1
0.831730293003963,0.6583163006031506,0
0.5377115686851844,0.31720575091037906,0
0.4762707442643217,0.3113665030753026,0
0.7842969993741977,0.8903982257459574,1
0.028104189991546902,0.4438864223241539,0
0.5828952021752888,0.8497456722656315,0
0.982956279479549,0.5291137831348006,1
0.5233059966139118,0.5887645034075124,0
0.034341314452553895,0.7059539655516218,0
0.5006695799641872,0.15908369950092144,1
0.9947127669749527,0.44720962319696356,1
0.22740110769902477,0.11338335698087326,0
0.8665642579967417,0.5958301733740581,0
0.012689417969853622,0.5356262505841946,0
0.025100304622723835,0.38928981109099015,0
0.6223214143772358,0.0768532124307798,0
0.6180746330838397,0.19362102821978855,1
0.5327996312877646,0.5823586832214329,0
0.11282434441320072,0.5563516033504836,1
0.8729176263667975,0.35682724356905265,0
0.8653949970447455,0.3150200983424156,0
0.589454665270504,0.05915780196592518,0
0.10984404548369997,0.4646833188872673,1
0.11706616777321432,0.4291244144905372,1
0.8942489393941161,0.13120740193233243,1
0.8727269185957096,0.10211478449738187,1
0.6046901093682909,0.056099581595780434,0
0.15304571197050248,0.1664765758907309,0
0.17556425530419167,0.16681965790570447,0
0.41122226372947496,0.04581915645401041,0
0.5893195343746949,0.06332429059169037,0
0.426944387988474,0.9542630523295178,1
0.01272946405361114,0.6373653321238227,0
0.9353223031176159,0.18797538220233684,1
0.21534492494077395,0.12044683702110193,0
0.0014742062383734655,0.4982385730183508,0
0.4806602833181101,0.5478224071794832,0
0.36597244850278576,0.5469735611104436,1
0.040791966136409286,0.76064818703545,0
0.34281865617787616,0.7687330414086122,0
0.5210242005765336,0.16467813428742062,1
0.7536146388909031,0.15641031196416466,0
0.2950335927653316,0.8824294641876762,1
0.5908712310141073,0.182730281799813,1
0.23057281791960182,0.2432931587339529,1
0.8062675177665923,0.8633128588095833,1
0.10345696113833708,0.539803614626822,1
0.5965379519201847,0.8427997636289286,0
0.1296711763240328,0.40748631801265744,1
0.24963675575762112,0.5867096453623446,0
0.5731487379131396,0.9627319035148814,1
0.8211070214801167,0.24320751474002306,0
0.787285962641289,0.8744162506629548,1
0.42534950625415313,0.8218674783911213,0
0.9123589918149019,0.14996102796651445,1
0.8815781105928095,0.5337363769989744,0
0.763930318550372,0.7600089852767931,0
0.146446124792809,0.713799238879274,1
0.6126047397755707,0.38817056471548994,0
0.2602080451785589,0.6035131775638282,0
0.5705679884545857,0.3408434629772606,0
0.44581060923653065,0.41978137316788433,1
0.5574008412963326,0.5937096131208635,0
0.9916536707260291,0.4647863511544104,1
0.04245255608065229,0.7470897699874557,0
0.979523490893095,0.5703864700340004,1
0.36498156391875936,0.7751000523925364,0
0.5781254634831944,0.17846387721922613,1
0.49956197675666136,0.6841241022704296,1
0.26406252446135364,0.5788281246278594,0
0.6848998706764802,0.9218249424285287,1
0.05278686650645403,0.7555240842961806,0
0.09538340289812536,0.8485714109901246,0
0.8005687210436304,0.7323708158788899,0
0.5104113019805206,0.035153253879376456,0
0.8684302414192782,0.3403925148959096,0
0.3368745361894365,0.7482174552277441,0
0.9998411774348686,0.4482382415123099,1
0.3164712127018495,0.7346184949137302,0
0.49933042003581285,0.8409163004990785,0
0.3984374602325102,0.9317962237031346,1
0.10818747211543223,0.4736666839081099,1
0.008346329273970943,0.5352136488455896,0
0.8692708796605884,0.6202722464089216,0
0.3714904466990284,0.1680555820897376,1
0.9270960039074299,0.19408837645633326,1
0.1937324822334076,0.13668714119041664,0
0.018399991579288788,0.5026283576159509,0
0.11661859770157607,0.21748036059274045,0
0.573055612011526,0.0457369476704822,0
0.6938014697000559,0.6028135666026262,1
0.16879323258067414,0.3144408766270814,1
0.30612660978127504,0.7371498337317492,0
0.1614584603713744,0.7496759257389194,1
0.2715327591159834,0.6548611465155648,0
0.27962486245252105,0.8854495408956096,1
0.1088076849343288,0.5990380055063956,1
0.9112093689490425,0.13150282197725838,1
0.7103452075964138,0.5815226270949687,1
0.5327869911397168,0.595527047873192,0
0.28563710792945674,0.4507209379141938,0
0.49360221527400866,0.5620367281562265,0
0.10034496969773898,0.8769023436624062,0
0.750709272721488,0.412219217038237,1
0.8497120601749089,0.09066043349218006,1
0.5412890964801503,0.1744226785468827,1
0.16696947875684148,0.95560999880276,0
0.8969931463823348,0.4812827971020023,0
0.4404866678333712,0.036416452010420874,0
0.27315862435475285,0.6686593040817453,0
0.5193397166818898,0.45217759282051684,1
0.5416240898132149,0.5854040676491808,0
0.33710152613265476,0.36319355646686347,0
0.24929072727851198,0.587780782961763,0
0.26563833517572044,0.479835779192466,0
0.7116626534721572,0.12597299330339096,0
0.2752149810099134,0.4364312380832498,0
0.38392177839294395,0.44378314162953003,1
0.28119376798348905,0.6537902003263159,0
0.9391765120511844,0.20501636337270523,1
0.7337919216306326,0.40731129244636066,1
0.7727375843818102,0.8787695789986655,1
0.27149035921125375,0.6654432766529064,0
0.883108599995782,0.5002311938050337,0
0.6982379027736482,0.5995386085972018,1
0.6981899555603398,0.2971606583728963,1
0.7444598454918071,0.7800894540397265,0
0.8748241849534613,0.5770365472470874,0
0.6680768083242313,0.09193104747404868,0
0.9959472325234566,0.5231298331433493,1
0.535171781958493,0.5824504573829851,0
0.8385415396286255,0.2503240742610806,0
0.525624305132129,0.8455957512940873,0
0.6801044677098916,0.6386138741749021,1
0.6443068124662106,0.49292694687755023,0
0.35801015972346867,0.5268560041068825,1
0.6233869303864368,0.3929062924631913,0
0.1502879398250912,0.9093395665078199,0
0.975744233445107,0.5622264483305718,1
0.8658540950025051,0.6274619673005901,0
0.6736021755707561,0.9250068201354235,1
0.6567462317317262,0.6435912764824533,1
0.9711357132037873,0.6072591814403995,1
0.35851969273503326,0.514795793504557,1
0.25651430959949195,0.49705026563234245,0
0.2625369784968822,0.10318070859302964,0
0.5501637993315797,0.333284056377703,0
0.19943127895636958,0.26762918412111014,1
0.05209443134974456,0.8060218731946733,0
0.26586585322988165,0.6614866298944837,0
0.5504403213936615,0.31182300080154624,0
0.8094049035395758,0.8483991059311249,1
0.00015882256513144455,0.55176175848769,0
0.3208720823024144,0.39011976249940095,0
0.8918125278845678,0.52633331609189,0
0.12119076299491643,0.5180278313056677,1
0.424002818833774,0.6533497658291152,1
0.2867558986720433,0.686763332655023,0
0.8694051562168444,0.5828945701033065,0
0.2674268684469581,0.5724697665904133,0
0.583107727302509,0.33759803459351034,0
0.8710173673343151,0.36277162105598204,0
0.2853435023795627,0.21495864514146368,1
0.7851276791843826,0.19757156504531093,0
0.9142692395072445,0.7281249384014701,1
0.004968233153414936,0.46836652595672834,0
0.7366506291685981,0.13447301419723406,0
0.6430073733321122,0.47647421193040934,0
0.564778586953743,0.17835174032894474,1
0.19494993326439586,0.14671746633964444,0
0.2312850001582608,0.11408322938173704,0
0.9795250086708076,0.5138510484296681,1
0.14358854434366464,0.9243400064377149,0
0.3945136700969324,0.0475334693280558,0
0.6631254638105635,0.2517825447722559,1
0.8833814022984239,0.7825196394072595,1
0.8267854521515337,0.22528574378093613,0
0.4540378360092912,0.15022614071325502,1
0.06999375369272481,0.3028601886944781,0
0.3172392123408412,0.3858319249332771,0
0.4928446438266432,0.49533735428158443,1
0.15186250726409206,0.18491023545246882,0
0.3432537682682738,0.3564087235175467,0
0.1515639308351429,0.7032319703157689,1
0.6189122860788784,0.3807623163776622,0
0.6349044959623956,0.9435802837147211,1
0.7864201791067573,0.7364254102442926,0
0.693873390218725,0.2628501662682508,1
0.47025189608805357,0.694173636643584,1
0.7503632442423789,0.41329035463765545,1
0.18918208827468935,0.9648015812848105,0
0.4105453347294959,0.9408421980340749,1
0.26637106748469763,0.5985587559598776,0
0.39530989063170907,0.9439004184042196,1
0.4268512620868605,0.03726809648511864,0
0.5817759893100243,0.9606625753478213,1
0.985628371207165,0.3744240664859816,1
0.48276414407660856,0.8366509335221876,0
0.4335531084129777,0.4258154547684758,1
0.44977187041311995,0.4192407002883306,1
0.10740161544567939,0.5045381483022656,1
0.31856741002038513,0.7426566493179372,0
0.010959102688488098,0.6296631800078314,0
0.9748417428065421,0.31708853798301395,1
0.5800019433261592,0.1851454321557292,1
0.5221679162648837,0.03727390843271644,0
0.6283334703549619,0.9427983245869245,1
0.8703288236759672,0.5925136819873426,0
0.9838066405563778,0.3875049326290404,1
0.2148723208156173,0.8024284349546891,1
0.014282692215823178,0.5809736408392343,0
0.5241637784336486,0.9522414797944487,1
0.7341341467701183,0.3385133701055163,1
0.13845630546007315,0.6461819549567305,1
0.4966625435659141,0.43036272916825097,1
0.17321454784846635,0.7747142562190639,1
0.44983620066842034,0.666715943622297,1
0.2661279840989421,0.21621823497039377,1
0.4218745365168056,0.8215361227807738,0
0.4583759101867852,0.41459593235081915,1
0.4996360749430929,0.5644701146911466,0
0.5539834799547195,0.5778431024377718,0
0.9872705359463889,0.36263466787617726,1
0.2555401545081929,0.21991054596027354,1
0.46583440673935145,0.9503425831394228,1
0.46720036871223536,0.4176413167785671,1
0.2633493708314018,0.8655269858027659,1
0.9575474439193477,0.25291023001254426,1
0.46228843131481556,0.6827942490896209,1
0.3569926266678878,0.5235257880695906,1
0.23295270343840568,0.8403686940875981,1
0.3800652233541147,0.32426130749271986,0
0.2684105786910924,0.6155800230024753,0
0.19638528598668942,0.3029701364584687,1
0.8880118033794169,0.4263440176269798,0
0.17685415835834567,0.9427340836272534,0
0.8325593203391787,0.23458768020177545,0
0.14898727058881328,0.3796259741988805,1
0.1533359931509094,0.3678658157324103,1
0.873972183718664,0.5543822642942519,0
0.5900085523374908,0.6790368376944826,1
0.7336289325153024,0.4014412440401224,1
0.7285096407887462,0.3345567233470936,1
0.9906922492604142,0.4873311486837232,1
0.03288951524025091,0.7432905698573447,0
0.020474991329192338,0.48614895157033183,0
0.015132595019578865,0.6466618579837307,0
0.13460500295525446,0.6849799016575844,1
0.9221607507994576,0.16339364988077432,1
0.6331909230196825,0.8330776351627168,0
0.7284672408840166,0.3451388534844352,1
0.6835287872981505,0.26538150508626973,1
0.8486886640887006,0.308082127810246,0
0.6220388277470937,0.3979907389655059,0
0.13059484378315556,0.4171054298966935,1
0.5406965755941936,0.9551299956844346,1
0.7132441013279567,0.313236667344977,1
0.853553875207191,0.286200761120726,0
0.760651287640509,0.88554993796671,1
0.1260278162813359,0.44561773570574814,1
0.8749782257494544,0.5885371612415085,0
0.8143286397873557,0.22043880555378953,0
0.9950317668465851,0.5316334740432717,1
0.6436577467116622,0.9338885091844276,1
0.11198819662058307,0.5736559823730202,1
0.38364624908294614,0.8017763376269609,0
0.8546983018344322,0.6406394556894749,0
0.8829338322267857,0.5708755855094628,0
0.0,0.5699966475021219,0
0.8148629105592577,0.7023084629974845,0
0.20328859285589418,0.9701818609742853,0
0.969076742630395,0.5945688940605651,1
0.7776238400861999,0.003456061011642031,1
0.8201534831579753,0.7104480410397763,0
0.9898577417123272,0.5140300999380054,1
0.02514748145220752,0.6481694658271416,0
0.3607437291305205,0.1613349219314923,1
0.6401140818804621,0.23395849726986445,1
0.7141854491739468,0.5628868531995537,1
0.18618046579260172,0.7697095828730661,1
0.787775298897621,0.20410987520856638,0
0.7338720159010579,0.7837817650296062,0
0.8372204237944703,0.8297895272138186,1
0.4789757994234664,0.8353218657125794,0
0.5463365260741406,0.9616208603309673,1
0.4171047978247112,0.15025432773436853,1
0.13072912033941164,0.3797277535910783,1
0.7050782653564278,0.5818888761308455,1
0.27819325237502707,0.08841898056133346,0
0.08573076049275558,0.2718750615985299,0
0.4882635917048558,0.6868586268115899,1
0.41517452527109266,0.8032909348358859,0
0.9579593034523199,0.6635239877033997,1
0.1315697585807219,0.6596074851040904,1
0.7767503989946963,0.7445989932814452,0
0.5848254747289073,0.19670906516411407,1
0.8390300058300892,0.2602599160790312,0
0.7315894213089076,0.3844199769975247,1
0.008542415084294153,0.4606485565961371,0
0.7104602657157181,0.122876494538877,0
0.04204069654768011,0.3364760122966003,0
0.7966477354997958,0.028245470459188793,1
0.9918163507310841,0.5376765969539542,1
0.36773994144944994,0.16744820388525822,1
0.2044617510150608,0.2653495339704909,1
0.11753316372898404,0.45484520940890855,1
0.2209186030375616,0.2615669505708397,1
0.616078221607056,0.55621685837047,0
0.16830029966367038,0.31839299085290923,1
0.5033374564340859,0.569637270831749,0
0.8971285148580753,0.10860358721218916,1
0.4769469595135997,0.8418454650532157,0
0.8788092370050835,0.48197216869433235,0
0.116891400004218,0.4997688061949663,1
0.5541893907634694,0.5802186268321157,0
0.4895886980194794,0.9648467461206236,1
0.6994882673569005,0.2977191552640217,1
0.17279791692676638,0.33792096927378856,1
0.721806747624973,0.9115810194386665,1
0.4593034244058064,0.04487000431556537,0
0.7247850189900866,0.5635687619167502,1
0.6827607876591588,0.6141680750667229,1
0.3810877139211216,0.6192376836223378,1
0.11852741200155181,0.22676786881606248,0
0.06467769688238412,0.8120246177976631,0
0.016193359443622213,0.6124950673709596,0
0.8312067674193259,0.6855591233729186,0
0.6355152840216409,0.08276963935864334,0
0.26550494756978704,0.5798555663780602,0
0.013815731931520137,0.4586531563723111,0
0.28008051498638087,0.0806511545012476,0
0.17984651684202468,0.2895519589602237,1
0.22324960100530367,0.25540100671855476,1
0.1511372261287522,0.7028642140225818,1
0.7343616648242796,0.520164220807534,1
0.19059509646042416,0.15160089406887506,0
0.5715949841854117,0.1783948448952341,1
0.626488121835063,0.20950852663022296,1
0.9826153920700977,0.31288157046571163,1
0.7430024513805374,0.37593672433494424,1
0.849120860595312,0.827740713292762,1
0.014526841050472528,0.46334523595492916,0
0.5459621639907088,0.849773859286745,0
0.41510545034811536,0.6478296831729065,1
0.5933142636577691,0.06465029510433329,0
0.11598849718178544,0.5910555548388075,1
0.5237292557356783,0.6886334969246974,1
0.9428266302701998,0.7035345158353303,1
0.26529773360639436,0.2086596947267998,1
0.3664212069604187,0.33903853990147526,0
0.6206784334028788,0.8393823715697128,0
0.63226005855055,0.8325517961147417,0
0.4091287689858927,0.817269718200187,0
0.3675929509644504,0.5201951733330519,1
0.899655030302261,0.1230976563375939,1
0.47383501438958886,0.9590466063796805,1
0.4918160176651683,0.0490172515550546,0
0.40522992299911575,0.8113618028971314,0
0.7289416476819369,0.39590382681721414,1
0.33192319167576867,0.9080689525259513,1
0.03230821360711661,0.38254585425961274,0
0.017043720520451,0.4708862168651993,0
0.9479055686502554,0.1939781268053266,1
0.9671104847597491,0.25670943014265535,1
0.7790813969624384,0.7384330494291603,0
0.11971082058805549,0.6284310455239893,1
0.624564002682213,0.5441828980126509,0
0.8965430388616629,0.460196385373178,0
0.5448405610231717,0.169674907178116,1
0.7397919548214411,0.3964868224361719,1
0.0771507519007204,0.8322795054061009,0
0.23480144679856763,1.0,0
0.4182240106899758,0.039337424652178654,0
0.11878716757817265,0.6307579678491878,1
0.039846946881919754,0.36792634608716746,0
0.12502177425054561,0.4114628387584915,1
0.8901559545163,0.5353166811127327,0
0.9462098503862502,0.6485196400618166,1
0.13414590499749485,0.37253803269940994,1
0.7361901827242772,0.7807476833685929,0
0.9189220944710845,0.1759405571000192,1
0.3975246037579986,0.04673207505767202,0
0.6285095533009716,0.8319444179102624,0
0.28965479240358616,0.4184773729050313,0
0.47783208373511626,0.9627260915672835,1
0.8844242755796295,0.4163455810536107,0
0.7424736513123155,0.897214369249183,1
0.9138874002405528,0.16231916696940746,1
0.3531123527205682,0.17397522693506667,1
0.7604651072423314,0.15956398930498644,0
0.41142555357697336,0.6421482423298629,1
0.6824367606251471,0.9225139923158566,1
0.5896849347500733,0.5854011503559168,0
0.8488627738712478,0.29713578597741813,0
0.24638536110909692,0.8435896880358353,1
0.11566523038767601,0.46153837490331956,1
0.7723534364335813,0.7636625332896702,0
0.25935861336618315,0.6346514462102961,0
0.005287233025047355,0.5527903768030364,0
0.375435997317787,0.4558171019873491,1
0.28073355815908857,0.6828486534657624,0
0.4726708843314291,0.6792597502564024,1
0.4106804656253051,0.9366757094083096,1
0.7268413756452472,0.33134069591825466,1
0.1927241870897511,0.9728352822764881,0
0.0143716287928351,0.6255759335140184,0
0.6015625397674897,0.06820377629686536,0
0.45366347392585943,0.03837913966903278,0
0.6199347766458854,0.6757386925072801,1
0.5949043048997864,0.5796100486953222,0
0.5885744464230267,0.3578517576701371,0
0.6445077847198282,0.8375990324345852,0
0.2645240724538151,0.4968454808221621,0
0.7325731315530419,0.42753023340958674,1
0.6429641048077459,0.4827538484900685,0
0.35703589519225415,0.5172461515099315,1
0.025158257193457823,0.682911462016986,0
0.6297700742826557,0.5324502511848663,0
0.008183649268915905,0.46232340304604586,0
0.4050956951002136,0.4203899513046779,1
0.1282919135560599,0.20184281305536478,0
0.2874668746798669,0.8842654585609027,1
0.7146564976204373,0.7850413548585363,0
0.3868235101262614,0.04486165838387163,0
0.23606968144962803,0.23999101472320689,1
0.5345283039564074,0.9558177277613882,1
0.01014225828767279,0.48596990006199453,0
0.08611259975944718,0.8376808330305925,0
0.9890408973115119,0.3703368199921686,1
0.17889297851988328,0.756792485259977,1
0.4900035551762392,0.31710716430233354,0
0.7694271820803982,0.7567068412660471,0
0.1272730814042904,0.8978852155026181,0
0.40668573634223093,0.9353497048956667,1
0.5004380232433386,0.31587589772957037,0
0.6753423526592741,0.930990653144971,1
0.848137492735908,0.8150897645475312,1
0.7192664418409114,0.3171513465342376,1
0.009047345459622713,0.44766328346232104,0
0.2949217346435722,0.4181111238691545,0
